source_ms,capture_before_ms,capture_after_ms,sync_error_ms,frame_id
1790640775691,1790640775805,1790640775872,3.70,995
1790640786425,1790640786404,1790640786570,3.70,1224
1790640786519,1790640786570,1790640786651,3.70,1226
1790640786566,1790640786651,1790640786719,3.70,1227
1790640786614,1790640786719,1790640786786,3.70,1228
1790640797394,1790640797443,1790640797505,3.70,1458
1790640797487,1790640797505,1790640797721,3.70,1460
1790640797581,1790640797721,1790640797802,3.70,1462
1790640797722,1790640797803,1790640797872,3.70,1465
1790640797769,1790640797872,1790640797940,3.70,1466
1790640806722,1790640806847,1790640806917,3.70,1657
1790640806816,1790640806917,1790640806983,3.70,1659
1790640806862,1790640806983,1790640807036,3.70,1660
1790640806957,1790640807036,1790640807120,3.70,1662
1790640807051,1790640807120,1790640807200,3.70,1664
1790640816894,1790640816998,1790640817072,3.70,1874
1790640816988,1790640817072,1790640817138,3.70,1876
1790640817034,1790640817138,1790640817206,3.70,1877
1790640817081,1790640817207,1790640817268,3.70,1878
1790640817175,1790640817268,1790640817339,3.70,1880
